#XML	doi	biotools_id
USEGALAXY/variant_apply_recalibration/variant_apply_recalibration.xml	no_citation	no_citation
USEGALAXY/mothur_sffinfo/sffinfo.xml	10.1128/AEM.01541-09	not_found
USEGALAXY/fastq_paired_end_splitter/fastq_paired_end_splitter.xml	10.1093/bioinformatics/btq281	not_found
USEGALAXY/weblogo3/rgWebLogo3.xml	no_citation	no_citation
USEGALAXY/vcfselectsamples/vcfselectsamples.xml	no_id_in_bibtex	not_found
USEGALAXY/salmon/salmon.xml	10.1101/021592	not_found
USEGALAXY/mothur_cluster_fragments/cluster.fragments.xml	10.1128/AEM.01541-09	not_found
USEGALAXY/mothur_parse_list/parse.list.xml	10.1128/AEM.01541-09	not_found
USEGALAXY/dgidb_annotator/dgidb_annotator.xml	no_citation	no_citation
USEGALAXY/mothur_seq_error/seq.error.xml	10.1128/AEM.01541-09	not_found
USEGALAXY/mothur_hcluster/hcluster.xml	10.1128/AEM.01541-09	not_found
USEGALAXY/mothur_get_oturep/get.oturep.xml	10.1128/AEM.01541-09	not_found
USEGALAXY/mothur_degap_seqs/degap.seqs.xml	10.1128/AEM.01541-09	not_found
USEGALAXY/samtool_filter2/samtool_filter2.xml	no_citation	no_citation
USEGALAXY/vcfhethom/vcfhethom.xml	no_id_in_bibtex	not_found
USEGALAXY/pileup_interval/pileup_interval.xml	no_citation	no_citation
USEGALAXY/mothur_normalize_shared/normalize.shared.xml	10.1128/AEM.01541-09	not_found
USEGALAXY/substitutions/substitutions.xml	no_citation	no_citation
USEGALAXY/mothur_deunique_tree/deunique.tree.xml	10.1128/AEM.01541-09	not_found
USEGALAXY/rcve/rcve.xml	no_citation	no_citation
USEGALAXY/mine/MINE.xml	no_citation	no_citation
USEGALAXY/mothur_get_lineage/get.lineage.xml	10.1128/AEM.01541-09	not_found
USEGALAXY/mothur_rarefaction_shared/rarefaction.shared.xml	10.1128/AEM.01541-09	not_found
USEGALAXY/lda_analysis/lda_analy.xml	no_citation	no_citation
USEGALAXY/variant_annotator/variant_annotator.xml	no_citation	no_citation
USEGALAXY/bedtools/bedToBam.xml	10.1093/bioinformatics/btq033	not_found
USEGALAXY/bedtools/mergeBed.xml	10.1093/bioinformatics/btq033	not_found
USEGALAXY/bedtools/spacingBed.xml	10.1093/bioinformatics/btq033	not_found
USEGALAXY/bedtools/genomeCoverageBed.xml	10.1093/bioinformatics/btq033	not_found
USEGALAXY/bedtools/windowBed.xml	10.1093/bioinformatics/btq033	not_found
USEGALAXY/bedtools/multiIntersectBed.xml	10.1093/bioinformatics/btq033	not_found
USEGALAXY/bedtools/complementBed.xml	10.1093/bioinformatics/btq033	not_found
USEGALAXY/bedtools/annotateBed.xml	10.1093/bioinformatics/btq033	not_found
USEGALAXY/bedtools/bamToBed.xml	10.1093/bioinformatics/btq033	not_found
USEGALAXY/bedtools/reldist.xml	10.1093/bioinformatics/btq033	not_found
USEGALAXY/bedtools/clusterBed.xml	10.1093/bioinformatics/btq033	not_found
USEGALAXY/bedtools/groupbyBed.xml	10.1093/bioinformatics/btq033	not_found
USEGALAXY/bedtools/jaccardBed.xml	10.1093/bioinformatics/btq033	not_found
USEGALAXY/bedtools/getfastaBed.xml	10.1093/bioinformatics/btq033	not_found
USEGALAXY/bedtools/bedpeToBam.xml	10.1093/bioinformatics/btq033	not_found
USEGALAXY/bedtools/makeWindowsBed.xml	10.1093/bioinformatics/btq033	not_found
USEGALAXY/bedtools/nucBed.xml	10.1093/bioinformatics/btq033	not_found
USEGALAXY/bedtools/multiCov.xml	10.1093/bioinformatics/btq033	not_found
USEGALAXY/bedtools/linksBed.xml	10.1093/bioinformatics/btq033	not_found
USEGALAXY/bedtools/unionBedGraphs.xml	10.1093/bioinformatics/btq033	not_found
USEGALAXY/bedtools/fisherBed.xml	10.1093/bioinformatics/btq033	not_found
USEGALAXY/bedtools/bedToIgv.xml	10.1093/bioinformatics/btq033	not_found
USEGALAXY/bedtools/maskFastaBed.xml	10.1093/bioinformatics/btq033	not_found
USEGALAXY/bedtools/bamToFastq.xml	10.1093/bioinformatics/btq033	not_found
USEGALAXY/bedtools/flankBed.xml	10.1093/bioinformatics/btq033	not_found
USEGALAXY/bedtools/randomBed.xml	10.1093/bioinformatics/btq033	not_found
USEGALAXY/bedtools/overlapBed.xml	10.1093/bioinformatics/btq033	not_found
USEGALAXY/bedtools/intersectBed.xml	10.1093/bioinformatics/btq033	not_found
USEGALAXY/bedtools/tagBed.xml	10.1093/bioinformatics/btq033	not_found
USEGALAXY/bedtools/mapBed.xml	10.1093/bioinformatics/btq033	not_found
USEGALAXY/bedtools/slopBed.xml	10.1093/bioinformatics/btq033	not_found
USEGALAXY/bedtools/expandBed.xml	10.1093/bioinformatics/btq033	not_found
USEGALAXY/bedtools/bed12ToBed6.xml	10.1093/bioinformatics/btq033	not_found
USEGALAXY/bedtools/closestBed.xml	10.1093/bioinformatics/btq033	not_found
USEGALAXY/bedtools/subtractBed.xml	10.1093/bioinformatics/btq033	not_found
USEGALAXY/bedtools/shuffleBed.xml	10.1093/bioinformatics/btq033	not_found
USEGALAXY/bedtools/coverageBed.xml	10.1093/bioinformatics/btq033	not_found
USEGALAXY/bedtools/sortBed.xml	10.1093/bioinformatics/btq033	not_found
USEGALAXY/fastq_masker_by_quality/fastq_masker_by_quality.xml	10.1093/bioinformatics/btq281	not_found
USEGALAXY/kraken_filter/kraken-filter.xml	10.1186/gb-2014-15-3-r46	not_found
USEGALAXY/varscan_version_2/varscan_mpileup.xml	10.1101/gr.129684.111	not_found
USEGALAXY/mothur_make_biom/make.biom.xml	10.1128/AEM.01541-09	not_found
USEGALAXY/tophat2/tophat2_wrapper.xml	10.1186/gb-2013-14-4-r36	not_found
USEGALAXY/gmaj/GMAJ.xml	no_citation	no_citation
USEGALAXY/fastq_quality_converter/fastq_quality_converter.xml	no_citation	no_citation
USEGALAXY/fastq_to_fasta/fastq_to_fasta.xml	no_citation	no_citation
USEGALAXY/mothur_parsimony/parsimony.xml	10.1128/AEM.01541-09	not_found
USEGALAXY/mothur_get_relabund/get.relabund.xml	10.1128/AEM.01541-09	not_found
USEGALAXY/mothur_merge_taxsummary/merge.taxsummary.xml	10.1128/AEM.01541-09	not_found
USEGALAXY/fasta_to_tabular/fasta_to_tabular.xml	no_citation	no_citation
USEGALAXY/gffread/gffread.xml	10.1038/nbt.1621	not_found
USEGALAXY/macs2/macs2_bdgbroadcall.xml	10.1186/gb-2008-9-9-r137	not_found
USEGALAXY/macs2/macs2_bdgbroadcall.xml	10.1038/nprot.2012.101	not_found
USEGALAXY/macs2/macs2_bdgcmp.xml	10.1186/gb-2008-9-9-r137	not_found
USEGALAXY/macs2/macs2_bdgcmp.xml	10.1038/nprot.2012.101	not_found
USEGALAXY/macs2/macs2_filterdup.xml	10.1186/gb-2008-9-9-r137	not_found
USEGALAXY/macs2/macs2_filterdup.xml	10.1038/nprot.2012.101	not_found
USEGALAXY/macs2/macs2_randsample.xml	10.1186/gb-2008-9-9-r137	not_found
USEGALAXY/macs2/macs2_randsample.xml	10.1038/nprot.2012.101	not_found
USEGALAXY/macs2/macs2_bdgdiff.xml	10.1186/gb-2008-9-9-r137	not_found
USEGALAXY/macs2/macs2_bdgdiff.xml	10.1038/nprot.2012.101	not_found
USEGALAXY/macs2/macs2_refinepeak.xml	10.1186/gb-2008-9-9-r137	not_found
USEGALAXY/macs2/macs2_refinepeak.xml	10.1038/nprot.2012.101	not_found
USEGALAXY/macs2/macs2_bdgpeakcall.xml	10.1186/gb-2008-9-9-r137	not_found
USEGALAXY/macs2/macs2_bdgpeakcall.xml	10.1038/nprot.2012.101	not_found
USEGALAXY/macs2/macs2_callpeak.xml	10.1186/gb-2008-9-9-r137	not_found
USEGALAXY/macs2/macs2_callpeak.xml	10.1038/nprot.2012.101	not_found
USEGALAXY/macs2/macs2_predictd.xml	10.1186/gb-2008-9-9-r137	not_found
USEGALAXY/macs2/macs2_predictd.xml	10.1038/nprot.2012.101	not_found
USEGALAXY/dexseq/dexseq_count.xml	10.1101/gr.133744.111	not_found
USEGALAXY/dexseq/dexseq.xml	10.1101/gr.133744.111	not_found
USEGALAXY/uniprot_rest_interface/uniprot.xml	10.1093/nar/gku989	not_found
USEGALAXY/getindelrates_3way/getIndelRates_3way.xml	no_citation	no_citation
USEGALAXY/fastx_collapser/fastx_collapser.xml	no_citation	no_citation
USEGALAXY/freebayes_wrapper/freebayes.xml	no_citation	no_citation
USEGALAXY/deseq2/deseq2.xml	10.1186/s13059-014-0550-8	not_found
USEGALAXY/mothur_get_group/get.group.xml	10.1128/AEM.01541-09	not_found
USEGALAXY/fastq_quality_filter/fastq_quality_filter.xml	no_citation	no_citation
USEGALAXY/phylorelatives/phylorelatives.xml	no_citation	no_citation
USEGALAXY/deeptools_correct_gc_bias/correctGCBias.xml	10.1093/nar/gkw257	not_found
USEGALAXY/mothur_get_otulist/get.otulist.xml	10.1128/AEM.01541-09	not_found
USEGALAXY/samtools_rmdup/samtools_rmdup.xml	no_id_in_bibtex	not_found
USEGALAXY/samtools_rmdup/samtools_rmdup.xml	10.1093/bioinformatics/btp352	not_found
USEGALAXY/samtools_rmdup/samtools_rmdup.xml	10.1093/bioinformatics/btr076	not_found
USEGALAXY/samtools_rmdup/samtools_rmdup.xml	10.1093/bioinformatics/btr509	not_found
USEGALAXY/samtools_rmdup/samtools_rmdup.xml	no_id_in_bibtex	not_found
USEGALAXY/samtools_rmdup/samtools_rmdup.xml	no_id_in_bibtex	not_found
USEGALAXY/samtools_rmdup/samtools_rmdup.xml	no_id_in_bibtex	not_found
USEGALAXY/samtools_rmdup/samtools_rmdup.xml	no_id_in_bibtex	not_found
USEGALAXY/samtools_flagstat/samtools_flagstat.xml	no_id_in_bibtex	not_found
USEGALAXY/samtools_flagstat/samtools_flagstat.xml	10.1093/bioinformatics/btp352	not_found
USEGALAXY/samtools_flagstat/samtools_flagstat.xml	10.1093/bioinformatics/btr076	not_found
USEGALAXY/samtools_flagstat/samtools_flagstat.xml	10.1093/bioinformatics/btr509	not_found
USEGALAXY/samtools_flagstat/samtools_flagstat.xml	no_id_in_bibtex	not_found
USEGALAXY/samtools_flagstat/samtools_flagstat.xml	no_id_in_bibtex	not_found
USEGALAXY/samtools_flagstat/samtools_flagstat.xml	no_id_in_bibtex	not_found
USEGALAXY/samtools_flagstat/samtools_flagstat.xml	no_id_in_bibtex	not_found
USEGALAXY/snp_mapping_using_wgs/SNP_Mapping.xml	no_citation	no_citation
USEGALAXY/concat/concat.xml	no_citation	no_citation
USEGALAXY/mothur_heatmap_sim/heatmap.sim.xml	10.1128/AEM.01541-09	not_found
USEGALAXY/fastq_filter/fastq_filter.xml	10.1093/bioinformatics/btq281	not_found
USEGALAXY/vcfaddinfo/vcfaddinfo.xml	no_id_in_bibtex	not_found
USEGALAXY/mothur_get_sabund/get.sabund.xml	10.1128/AEM.01541-09	not_found
USEGALAXY/pe_histogram/pe_histogram.xml	no_id_in_bibtex	not_found
USEGALAXY/cuffmerge/cuffmerge_wrapper.xml	10.1038/nbt.1621	not_found
USEGALAXY/mothur_primer_design/primer.design.xml	10.1128/AEM.01541-09	not_found
USEGALAXY/datamash_ops/datamash-ops.xml	no_citation	no_citation
USEGALAXY/mothur_remove_rare/remove.rare.xml	10.1128/AEM.01541-09	not_found
USEGALAXY/bwa/bwa.xml	10.1093/bioinformatics/btp324	not_found
USEGALAXY/bwa/bwa.xml	10.1093/bioinformatics/btp698	not_found
USEGALAXY/bwa/bwa-mem.xml	10.1093/bioinformatics/btp324	not_found
USEGALAXY/bwa/bwa-mem.xml	10.1093/bioinformatics/btp698	not_found
USEGALAXY/bwa/bwa-mem.xml	no_id_in_bibtex	not_found
USEGALAXY/multigps/multigps.xml	10.1371/journal.pcbi.1003501	not_found
USEGALAXY/sam_merge/sam_merge.xml	no_citation	no_citation
USEGALAXY/fastq_to_tabular/fastq_to_tabular.xml	10.1093/bioinformatics/btq281	not_found
USEGALAXY/diamond/diamond_makedb.xml	10.1038/nmeth.3176	not_found
USEGALAXY/diamond/diamond.xml	10.1038/nmeth.3176	not_found
USEGALAXY/mothur_pre_cluster/pre.cluster.xml	10.1128/AEM.01541-09	not_found
USEGALAXY/samtools_reheader/samtools_reheader.xml	no_id_in_bibtex	not_found
USEGALAXY/samtools_reheader/samtools_reheader.xml	10.1093/bioinformatics/btp352	not_found
USEGALAXY/samtools_reheader/samtools_reheader.xml	10.1093/bioinformatics/btr076	not_found
USEGALAXY/samtools_reheader/samtools_reheader.xml	10.1093/bioinformatics/btr509	not_found
USEGALAXY/samtools_reheader/samtools_reheader.xml	no_id_in_bibtex	not_found
USEGALAXY/samtools_reheader/samtools_reheader.xml	no_id_in_bibtex	not_found
USEGALAXY/samtools_reheader/samtools_reheader.xml	no_id_in_bibtex	not_found
USEGALAXY/samtools_reheader/samtools_reheader.xml	no_id_in_bibtex	not_found
USEGALAXY/mothur_summary_single/summary.single.xml	10.1128/AEM.01541-09	not_found
USEGALAXY/featurecounts/featurecounts.xml	10.1093/bioinformatics/btt656	not_found
USEGALAXY/mothur_anosim/anosim.xml	10.1128/AEM.01541-09	not_found
USEGALAXY/canonical_correlation_analysis/cca.xml	no_citation	no_citation
USEGALAXY/cwpair2/cwpair2.xml	no_id_in_bibtex	not_found
USEGALAXY/kraken/kraken.xml	10.1186/gb-2014-15-3-r46	not_found
USEGALAXY/mothur_shhh_seqs/shhh.seqs.xml	10.1128/AEM.01541-09	not_found
USEGALAXY/quality_filter/quality_filter.xml	no_citation	no_citation
USEGALAXY/mothur_cluster_classic/cluster.classic.xml	10.1128/AEM.01541-09	not_found
USEGALAXY/heatmap/heatmap/heatmap.xml	no_citation	no_citation
USEGALAXY/mothur_fastq_info/fastq.info.xml	10.1128/AEM.01541-09	not_found
USEGALAXY/mothur_chimera_pintail/chimera.pintail.xml	10.1128/AEM.01541-09	not_found
USEGALAXY/mothur_collect_shared/collect.shared.xml	10.1128/AEM.01541-09	not_found
USEGALAXY/bowtie2/bowtie2_wrapper.xml	10.1186/gb-2009-10-3-r25	not_found
USEGALAXY/bowtie2/bowtie2_wrapper.xml	10.1038/nmeth.1923	not_found
USEGALAXY/mothur_pairwise_seqs/pairwise.seqs.xml	10.1128/AEM.01541-09	not_found
USEGALAXY/best_regression_subsets/best_regression_subsets.xml	no_citation	no_citation
USEGALAXY/mafft/mafft.xml	10.1093/molbev/mst010	not_found
USEGALAXY/mothur_cluster_split/cluster.split.xml	10.1128/AEM.01541-09	not_found
USEGALAXY/mothur_deunique_seqs/deunique.seqs.xml	10.1128/AEM.01541-09	not_found
USEGALAXY/deeptools_multi_bam_summary/multiBamSummary.xml	10.1093/nar/gkw257	not_found
USEGALAXY/snpfreq/snpFreq.xml	no_citation	no_citation
USEGALAXY/merge/merge.xml	no_citation	no_citation
USEGALAXY/bcftools_view/bcftools_view.xml	no_citation	no_citation
USEGALAXY/mothur_screen_seqs/screen.seqs.xml	10.1128/AEM.01541-09	not_found
USEGALAXY/mothur_remove_otulabels/remove.otulabels.xml	10.1128/AEM.01541-09	not_found
USEGALAXY/vcfcheck/vcfcheck.xml	no_id_in_bibtex	not_found
USEGALAXY/table_recalibration/table_recalibration.xml	no_citation	no_citation
USEGALAXY/mothur_collect_single/collect.single.xml	10.1128/AEM.01541-09	not_found
USEGALAXY/fastx_trimmer/fastx_trimmer.xml	no_citation	no_citation
USEGALAXY/mothur_remove_groups/remove.groups.xml	10.1128/AEM.01541-09	not_found
USEGALAXY/vcf2tsv/vcf2tsv.xml	no_id_in_bibtex	not_found
USEGALAXY/mothur_get_otus/get.otus.xml	10.1128/AEM.01541-09	not_found
USEGALAXY/mothur_filter_shared/filter.shared.xml	10.1128/AEM.01541-09	not_found
USEGALAXY/bwa_wrappers/bwa_wrapper.xml	no_citation	no_citation
USEGALAXY/vcfrandomsample/vcfrandomsample.xml	no_id_in_bibtex	not_found
USEGALAXY/vcfprimers/vcfprimers.xml	no_id_in_bibtex	not_found
USEGALAXY/variant_filtration/variant_filtration.xml	no_citation	no_citation
USEGALAXY/macs/macs_wrapper.xml	10.1186/gb-2008-9-9-r137	not_found
USEGALAXY/tabular_to_fastq/tabular_to_fastq.xml	10.1093/bioinformatics/btq281	not_found
USEGALAXY/mothur_summary_seqs/summary.seqs.xml	10.1128/AEM.01541-09	not_found
USEGALAXY/fasta_formatter/fasta_formatter.xml	no_citation	no_citation
USEGALAXY/fasta_compute_length/fasta_compute_length.xml	10.1093/bioinformatics/btq281	not_found
USEGALAXY/deeptools_bigwig_compare/bigwigCompare.xml	10.1093/nar/gkw257	not_found
USEGALAXY/mothur_merge_groups/merge.groups.xml	10.1128/AEM.01541-09	not_found
USEGALAXY/mothur_sort_seqs/sort.seqs.xml	10.1128/AEM.01541-09	not_found
USEGALAXY/mothur_get_seqs/get.seqs.xml	10.1128/AEM.01541-09	not_found
USEGALAXY/vcfallelicprimitives/vcfallelicprimitives.xml	no_id_in_bibtex	not_found
USEGALAXY/mothur_unifrac_unweighted/unifrac.unweighted.xml	10.1128/AEM.01541-09	not_found
USEGALAXY/principal_component_analysis/pca.xml	no_citation	no_citation
USEGALAXY/cluster/cluster.xml	no_citation	no_citation
USEGALAXY/mothur_phylo_diversity/phylo.diversity.xml	10.1128/AEM.01541-09	not_found
USEGALAXY/mothur_metastats/metastats.xml	10.1128/AEM.01541-09	not_found
USEGALAXY/mothur_get_communitytype/get.communitytype.xml	10.1128/AEM.01541-09	not_found
USEGALAXY/mothur_chimera_uchime/chimera.uchime.xml	10.1128/AEM.01541-09	not_found
USEGALAXY/cuffcompare/cuffcompare_wrapper.xml	10.1038/nbt.1621	not_found
USEGALAXY/mothur_heatmap_bin/heatmap.bin.xml	10.1128/AEM.01541-09	not_found
USEGALAXY/unified_genotyper/unified_genotyper.xml	no_citation	no_citation
USEGALAXY/mothur_align_check/align.check.xml	10.1128/AEM.01541-09	not_found
USEGALAXY/logistic_regression_vif/logistic_regression_vif.xml	no_citation	no_citation
USEGALAXY/cummerbund_to_tabular/cummerbund_to_tabular.xml	doi:10.1038/nprot.2012.016	not_found
USEGALAXY/mothur_phylotype/phylotype.xml	10.1128/AEM.01541-09	not_found
USEGALAXY/sam_to_bam/sam_to_bam.xml	no_id_in_bibtex	not_found
USEGALAXY/sam_to_bam/sam_to_bam.xml	10.1093/bioinformatics/btp352	not_found
USEGALAXY/sam_to_bam/sam_to_bam.xml	10.1093/bioinformatics/btr076	not_found
USEGALAXY/sam_to_bam/sam_to_bam.xml	10.1093/bioinformatics/btr509	not_found
USEGALAXY/sam_to_bam/sam_to_bam.xml	no_id_in_bibtex	not_found
USEGALAXY/sam_to_bam/sam_to_bam.xml	no_id_in_bibtex	not_found
USEGALAXY/sam_to_bam/sam_to_bam.xml	no_id_in_bibtex	not_found
USEGALAXY/sam_to_bam/sam_to_bam.xml	no_id_in_bibtex	not_found
USEGALAXY/plot_from_lda/plot_from_lda.xml	no_citation	no_citation
USEGALAXY/correlation/cor.xml	no_citation	no_citation
USEGALAXY/fastx_quality_statistics/fastx_quality_statistics.xml	no_citation	no_citation
USEGALAXY/microsats_mutability/microsats_mutability.xml	no_citation	no_citation
USEGALAXY/mothur_bin_seqs/bin.seqs.xml	10.1128/AEM.01541-09	not_found
USEGALAXY/mothur_remove_dists/remove.dists.xml	10.1128/AEM.01541-09	not_found
USEGALAXY/sam_bitwise_flag_filter/sam_bitwise_flag_filter.xml	no_citation	no_citation
USEGALAXY/annotation_profiler/annotation_profiler.xml	no_citation	no_citation
USEGALAXY/mothur_make_group/make.group.xml	10.1128/AEM.01541-09	not_found
USEGALAXY/kernel_canonical_correlation_analysis/kcca.xml	no_citation	no_citation
USEGALAXY/bamtools_filter/bamtools-filter.xml	10.1093/bioinformatics/btr174	not_found
USEGALAXY/mothur_amova/amova.xml	10.1128/AEM.01541-09	not_found
USEGALAXY/deeptools_compute_gc_bias/computeGCBias.xml	10.1093/nar/gkw257	not_found
USEGALAXY/filter_transcripts_via_tracking/filter_transcripts_via_tracking.xml	no_citation	no_citation
USEGALAXY/fastq_trimmer/fastq_trimmer.xml	10.1093/bioinformatics/btq281	not_found
USEGALAXY/vcf2pgsnp/vcf2pgSnp.xml	no_citation	no_citation
USEGALAXY/indel_realigner/indel_realigner.xml	no_citation	no_citation
USEGALAXY/fasta_nucleotide_color_plot/fasta_nucleotide_color_plot.xml	no_id_in_bibtex	not_found
USEGALAXY/vcfbedintersect/vcfbedintersect.xml	no_id_in_bibtex	not_found
USEGALAXY/gemini_recessive_and_dominant/gemini_autosomal_recessive.xml	10.1371/journal.pcbi.1003153	not_found
USEGALAXY/deeptools_multi_bigwig_summary/multiBigwigSummary.xml	10.1093/nar/gkw257	not_found
USEGALAXY/mothur_trim_seqs/trim.seqs.xml	10.1128/AEM.01541-09	not_found
USEGALAXY/rhmm/hmm/hmm.xml	no_citation	no_citation
USEGALAXY/deeptools_plot_coverage/plotCoverage.xml	10.1093/nar/gkw257	not_found
USEGALAXY/mothur_make_contigs/make.contigs.xml	10.1128/AEM.01541-09	not_found
USEGALAXY/mothur_make_sra/make.sra.xml	10.1128/AEM.01541-09	not_found
USEGALAXY/mothur_make_fastq/make.fastq.xml	10.1128/AEM.01541-09	not_found
USEGALAXY/resize_coordinate_window/resize_coordinate_window.xml	no_id_in_bibtex	not_found
USEGALAXY/mothur_classify_rf/classify.rf.xml	10.1128/AEM.01541-09	not_found
USEGALAXY/emboss_5/emboss_megamerger.xml	10.1016/S0168-9525(00)02024-2	not_found
USEGALAXY/emboss_5/emboss_megamerger.xml	10.1101/gr.5578007	not_found
USEGALAXY/emboss_5/emboss_isochore.xml	10.1016/S0168-9525(00)02024-2	not_found
USEGALAXY/emboss_5/emboss_isochore.xml	10.1101/gr.5578007	not_found
USEGALAXY/emboss_5/emboss_vectorstrip.xml	10.1016/S0168-9525(00)02024-2	not_found
USEGALAXY/emboss_5/emboss_vectorstrip.xml	10.1101/gr.5578007	not_found
USEGALAXY/emboss_5/emboss_seqmatchall.xml	10.1016/S0168-9525(00)02024-2	not_found
USEGALAXY/emboss_5/emboss_seqmatchall.xml	10.1101/gr.5578007	not_found
USEGALAXY/emboss_5/emboss_octanol.xml	10.1016/S0168-9525(00)02024-2	not_found
USEGALAXY/emboss_5/emboss_octanol.xml	10.1101/gr.5578007	not_found
USEGALAXY/emboss_5/emboss_hmoment.xml	10.1016/S0168-9525(00)02024-2	not_found
USEGALAXY/emboss_5/emboss_hmoment.xml	10.1101/gr.5578007	not_found
USEGALAXY/emboss_5/emboss_marscan.xml	10.1016/S0168-9525(00)02024-2	not_found
USEGALAXY/emboss_5/emboss_marscan.xml	10.1101/gr.5578007	not_found
USEGALAXY/emboss_5/emboss_oddcomp.xml	10.1016/S0168-9525(00)02024-2	not_found
USEGALAXY/emboss_5/emboss_oddcomp.xml	10.1101/gr.5578007	not_found
USEGALAXY/emboss_5/emboss_merger.xml	10.1016/S0168-9525(00)02024-2	not_found
USEGALAXY/emboss_5/emboss_merger.xml	10.1101/gr.5578007	not_found
USEGALAXY/emboss_5/emboss_wordmatch.xml	10.1016/S0168-9525(00)02024-2	not_found
USEGALAXY/emboss_5/emboss_wordmatch.xml	10.1101/gr.5578007	not_found
USEGALAXY/emboss_5/emboss_primersearch.xml	10.1016/S0168-9525(00)02024-2	not_found
USEGALAXY/emboss_5/emboss_primersearch.xml	10.1101/gr.5578007	not_found
USEGALAXY/emboss_5/emboss_nthseq.xml	10.1016/S0168-9525(00)02024-2	not_found
USEGALAXY/emboss_5/emboss_nthseq.xml	10.1101/gr.5578007	not_found
USEGALAXY/emboss_5/emboss_extractfeat.xml	10.1016/S0168-9525(00)02024-2	not_found
USEGALAXY/emboss_5/emboss_extractfeat.xml	10.1101/gr.5578007	not_found
USEGALAXY/emboss_5/emboss_splitter.xml	10.1016/S0168-9525(00)02024-2	not_found
USEGALAXY/emboss_5/emboss_splitter.xml	10.1101/gr.5578007	not_found
USEGALAXY/emboss_5/emboss_pepstats.xml	10.1016/S0168-9525(00)02024-2	not_found
USEGALAXY/emboss_5/emboss_pepstats.xml	10.1101/gr.5578007	not_found
USEGALAXY/emboss_5/emboss_garnier.xml	10.1016/S0168-9525(00)02024-2	not_found
USEGALAXY/emboss_5/emboss_garnier.xml	10.1101/gr.5578007	not_found
USEGALAXY/emboss_5/emboss_est2genome.xml	10.1016/S0168-9525(00)02024-2	not_found
USEGALAXY/emboss_5/emboss_est2genome.xml	10.1101/gr.5578007	not_found
USEGALAXY/emboss_5/emboss_getorf.xml	10.1016/S0168-9525(00)02024-2	not_found
USEGALAXY/emboss_5/emboss_getorf.xml	10.1101/gr.5578007	not_found
USEGALAXY/emboss_5/emboss_pepwheel.xml	10.1016/S0168-9525(00)02024-2	not_found
USEGALAXY/emboss_5/emboss_pepwheel.xml	10.1101/gr.5578007	not_found
USEGALAXY/emboss_5/emboss_diffseq.xml	10.1016/S0168-9525(00)02024-2	not_found
USEGALAXY/emboss_5/emboss_diffseq.xml	10.1101/gr.5578007	not_found
USEGALAXY/emboss_5/emboss_compseq.xml	10.1016/S0168-9525(00)02024-2	not_found
USEGALAXY/emboss_5/emboss_compseq.xml	10.1101/gr.5578007	not_found
USEGALAXY/emboss_5/emboss_coderet.xml	10.1016/S0168-9525(00)02024-2	not_found
USEGALAXY/emboss_5/emboss_coderet.xml	10.1101/gr.5578007	not_found
USEGALAXY/emboss_5/emboss_codcmp.xml	10.1016/S0168-9525(00)02024-2	not_found
USEGALAXY/emboss_5/emboss_codcmp.xml	10.1101/gr.5578007	not_found
USEGALAXY/emboss_5/emboss_palindrome.xml	10.1016/S0168-9525(00)02024-2	not_found
USEGALAXY/emboss_5/emboss_palindrome.xml	10.1101/gr.5578007	not_found
USEGALAXY/emboss_5/emboss_dotmatcher.xml	10.1016/S0168-9525(00)02024-2	not_found
USEGALAXY/emboss_5/emboss_dotmatcher.xml	10.1101/gr.5578007	not_found
USEGALAXY/emboss_5/emboss_supermatcher.xml	10.1016/S0168-9525(00)02024-2	not_found
USEGALAXY/emboss_5/emboss_supermatcher.xml	10.1101/gr.5578007	not_found
USEGALAXY/emboss_5/emboss_newcpgreport.xml	10.1016/S0168-9525(00)02024-2	not_found
USEGALAXY/emboss_5/emboss_newcpgreport.xml	10.1101/gr.5578007	not_found
USEGALAXY/emboss_5/emboss_backtranseq.xml	10.1016/S0168-9525(00)02024-2	not_found
USEGALAXY/emboss_5/emboss_backtranseq.xml	10.1101/gr.5578007	not_found
USEGALAXY/emboss_5/emboss_cpgreport.xml	10.1016/S0168-9525(00)02024-2	not_found
USEGALAXY/emboss_5/emboss_cpgreport.xml	10.1101/gr.5578007	not_found
USEGALAXY/emboss_5/emboss_shuffleseq.xml	10.1016/S0168-9525(00)02024-2	not_found
USEGALAXY/emboss_5/emboss_shuffleseq.xml	10.1101/gr.5578007	not_found
USEGALAXY/emboss_5/emboss_chips.xml	10.1016/S0168-9525(00)02024-2	not_found
USEGALAXY/emboss_5/emboss_chips.xml	10.1101/gr.5578007	not_found
USEGALAXY/emboss_5/emboss_newseq.xml	10.1016/S0168-9525(00)02024-2	not_found
USEGALAXY/emboss_5/emboss_newseq.xml	10.1101/gr.5578007	not_found
USEGALAXY/emboss_5/emboss_cirdna.xml	10.1016/S0168-9525(00)02024-2	not_found
USEGALAXY/emboss_5/emboss_cirdna.xml	10.1101/gr.5578007	not_found
USEGALAXY/emboss_5/emboss_freak.xml	10.1016/S0168-9525(00)02024-2	not_found
USEGALAXY/emboss_5/emboss_freak.xml	10.1101/gr.5578007	not_found
USEGALAXY/emboss_5/emboss_etandem.xml	10.1016/S0168-9525(00)02024-2	not_found
USEGALAXY/emboss_5/emboss_etandem.xml	10.1101/gr.5578007	not_found
USEGALAXY/emboss_5/emboss_pepwindow.xml	10.1016/S0168-9525(00)02024-2	not_found
USEGALAXY/emboss_5/emboss_pepwindow.xml	10.1101/gr.5578007	not_found
USEGALAXY/emboss_5/emboss_newcpgseek.xml	10.1016/S0168-9525(00)02024-2	not_found
USEGALAXY/emboss_5/emboss_newcpgseek.xml	10.1101/gr.5578007	not_found
USEGALAXY/emboss_5/emboss_equicktandem.xml	10.1016/S0168-9525(00)02024-2	not_found
USEGALAXY/emboss_5/emboss_equicktandem.xml	10.1101/gr.5578007	not_found
USEGALAXY/emboss_5/emboss_union.xml	10.1016/S0168-9525(00)02024-2	not_found
USEGALAXY/emboss_5/emboss_union.xml	10.1101/gr.5578007	not_found
USEGALAXY/emboss_5/emboss_dreg.xml	10.1016/S0168-9525(00)02024-2	not_found
USEGALAXY/emboss_5/emboss_dreg.xml	10.1101/gr.5578007	not_found
USEGALAXY/emboss_5/emboss_biosed.xml	10.1016/S0168-9525(00)02024-2	not_found
USEGALAXY/emboss_5/emboss_biosed.xml	10.1101/gr.5578007	not_found
USEGALAXY/emboss_5/emboss_prettyplot.xml	10.1016/S0168-9525(00)02024-2	not_found
USEGALAXY/emboss_5/emboss_prettyplot.xml	10.1101/gr.5578007	not_found
USEGALAXY/emboss_5/emboss_polydot.xml	10.1016/S0168-9525(00)02024-2	not_found
USEGALAXY/emboss_5/emboss_polydot.xml	10.1101/gr.5578007	not_found
USEGALAXY/emboss_5/emboss_trimest.xml	10.1016/S0168-9525(00)02024-2	not_found
USEGALAXY/emboss_5/emboss_trimest.xml	10.1101/gr.5578007	not_found
USEGALAXY/emboss_5/emboss_matcher.xml	10.1016/S0168-9525(00)02024-2	not_found
USEGALAXY/emboss_5/emboss_matcher.xml	10.1101/gr.5578007	not_found
USEGALAXY/emboss_5/emboss_tcode.xml	10.1016/S0168-9525(00)02024-2	not_found
USEGALAXY/emboss_5/emboss_tcode.xml	10.1101/gr.5578007	not_found
USEGALAXY/emboss_5/emboss_banana.xml	10.1016/S0168-9525(00)02024-2	not_found
USEGALAXY/emboss_5/emboss_banana.xml	10.1101/gr.5578007	not_found
USEGALAXY/emboss_5/emboss_patmatdb.xml	10.1016/S0168-9525(00)02024-2	not_found
USEGALAXY/emboss_5/emboss_patmatdb.xml	10.1101/gr.5578007	not_found
USEGALAXY/emboss_5/emboss_cai.xml	10.1016/S0168-9525(00)02024-2	not_found
USEGALAXY/emboss_5/emboss_cai.xml	10.1101/gr.5578007	not_found
USEGALAXY/emboss_5/emboss_sigcleave.xml	10.1016/S0168-9525(00)02024-2	not_found
USEGALAXY/emboss_5/emboss_sigcleave.xml	10.1101/gr.5578007	not_found
USEGALAXY/emboss_5/emboss_cusp.xml	10.1016/S0168-9525(00)02024-2	not_found
USEGALAXY/emboss_5/emboss_cusp.xml	10.1101/gr.5578007	not_found
USEGALAXY/emboss_5/emboss_syco.xml	10.1016/S0168-9525(00)02024-2	not_found
USEGALAXY/emboss_5/emboss_syco.xml	10.1101/gr.5578007	not_found
USEGALAXY/emboss_5/emboss_needle.xml	10.1016/S0168-9525(00)02024-2	not_found
USEGALAXY/emboss_5/emboss_needle.xml	10.1101/gr.5578007	not_found
USEGALAXY/emboss_5/emboss_antigenic.xml	10.1016/S0168-9525(00)02024-2	not_found
USEGALAXY/emboss_5/emboss_antigenic.xml	10.1101/gr.5578007	not_found
USEGALAXY/emboss_5/emboss_tranalign.xml	10.1016/S0168-9525(00)02024-2	not_found
USEGALAXY/emboss_5/emboss_tranalign.xml	10.1101/gr.5578007	not_found
USEGALAXY/emboss_5/emboss_pepnet.xml	10.1016/S0168-9525(00)02024-2	not_found
USEGALAXY/emboss_5/emboss_pepnet.xml	10.1101/gr.5578007	not_found
USEGALAXY/emboss_5/emboss_pepwindowall.xml	10.1016/S0168-9525(00)02024-2	not_found
USEGALAXY/emboss_5/emboss_pepwindowall.xml	10.1101/gr.5578007	not_found
USEGALAXY/emboss_5/emboss_wobble.xml	10.1016/S0168-9525(00)02024-2	not_found
USEGALAXY/emboss_5/emboss_wobble.xml	10.1101/gr.5578007	not_found
USEGALAXY/emboss_5/emboss_textsearch.xml	10.1016/S0168-9525(00)02024-2	not_found
USEGALAXY/emboss_5/emboss_textsearch.xml	10.1101/gr.5578007	not_found
USEGALAXY/emboss_5/emboss_pepcoil.xml	10.1016/S0168-9525(00)02024-2	not_found
USEGALAXY/emboss_5/emboss_pepcoil.xml	10.1101/gr.5578007	not_found
USEGALAXY/emboss_5/emboss_tmap.xml	10.1016/S0168-9525(00)02024-2	not_found
USEGALAXY/emboss_5/emboss_tmap.xml	10.1101/gr.5578007	not_found
USEGALAXY/emboss_5/emboss_pepinfo.xml	10.1016/S0168-9525(00)02024-2	not_found
USEGALAXY/emboss_5/emboss_pepinfo.xml	10.1101/gr.5578007	not_found
USEGALAXY/emboss_5/emboss_fuzztran.xml	10.1016/S0168-9525(00)02024-2	not_found
USEGALAXY/emboss_5/emboss_fuzztran.xml	10.1101/gr.5578007	not_found
USEGALAXY/emboss_5/emboss_wordcount.xml	10.1016/S0168-9525(00)02024-2	not_found
USEGALAXY/emboss_5/emboss_wordcount.xml	10.1101/gr.5578007	not_found
USEGALAXY/emboss_5/emboss_prettyseq.xml	10.1016/S0168-9525(00)02024-2	not_found
USEGALAXY/emboss_5/emboss_prettyseq.xml	10.1101/gr.5578007	not_found
USEGALAXY/emboss_5/emboss_transeq.xml	10.1016/S0168-9525(00)02024-2	not_found
USEGALAXY/emboss_5/emboss_transeq.xml	10.1101/gr.5578007	not_found
USEGALAXY/emboss_5/emboss_notseq.xml	10.1016/S0168-9525(00)02024-2	not_found
USEGALAXY/emboss_5/emboss_notseq.xml	10.1101/gr.5578007	not_found
USEGALAXY/emboss_5/emboss_chaos.xml	10.1016/S0168-9525(00)02024-2	not_found
USEGALAXY/emboss_5/emboss_chaos.xml	10.1101/gr.5578007	not_found
USEGALAXY/emboss_5/emboss_skipseq.xml	10.1016/S0168-9525(00)02024-2	not_found
USEGALAXY/emboss_5/emboss_skipseq.xml	10.1101/gr.5578007	not_found
USEGALAXY/emboss_5/emboss_sixpack.xml	10.1016/S0168-9525(00)02024-2	not_found
USEGALAXY/emboss_5/emboss_sixpack.xml	10.1101/gr.5578007	not_found
USEGALAXY/emboss_5/emboss_seqret.xml	10.1016/S0168-9525(00)02024-2	not_found
USEGALAXY/emboss_5/emboss_seqret.xml	10.1101/gr.5578007	not_found
USEGALAXY/emboss_5/emboss_einverted.xml	10.1016/S0168-9525(00)02024-2	not_found
USEGALAXY/emboss_5/emboss_einverted.xml	10.1101/gr.5578007	not_found
USEGALAXY/emboss_5/emboss_cpgplot.xml	10.1016/S0168-9525(00)02024-2	not_found
USEGALAXY/emboss_5/emboss_cpgplot.xml	10.1101/gr.5578007	not_found
USEGALAXY/emboss_5/emboss_fuzznuc.xml	10.1016/S0168-9525(00)02024-2	not_found
USEGALAXY/emboss_5/emboss_fuzznuc.xml	10.1101/gr.5578007	not_found
USEGALAXY/emboss_5/emboss_maskfeat.xml	10.1016/S0168-9525(00)02024-2	not_found
USEGALAXY/emboss_5/emboss_maskfeat.xml	10.1101/gr.5578007	not_found
USEGALAXY/emboss_5/emboss_lindna.xml	10.1016/S0168-9525(00)02024-2	not_found
USEGALAXY/emboss_5/emboss_lindna.xml	10.1101/gr.5578007	not_found
USEGALAXY/emboss_5/emboss_checktrans.xml	10.1016/S0168-9525(00)02024-2	not_found
USEGALAXY/emboss_5/emboss_checktrans.xml	10.1101/gr.5578007	not_found
USEGALAXY/emboss_5/emboss_fuzzpro.xml	10.1016/S0168-9525(00)02024-2	not_found
USEGALAXY/emboss_5/emboss_fuzzpro.xml	10.1101/gr.5578007	not_found
USEGALAXY/emboss_5/emboss_btwisted.xml	10.1016/S0168-9525(00)02024-2	not_found
USEGALAXY/emboss_5/emboss_btwisted.xml	10.1101/gr.5578007	not_found
USEGALAXY/emboss_5/emboss_epestfind.xml	10.1016/S0168-9525(00)02024-2	not_found
USEGALAXY/emboss_5/emboss_epestfind.xml	10.1101/gr.5578007	not_found
USEGALAXY/emboss_5/emboss_showfeat.xml	10.1016/S0168-9525(00)02024-2	not_found
USEGALAXY/emboss_5/emboss_showfeat.xml	10.1101/gr.5578007	not_found
USEGALAXY/emboss_5/emboss_descseq.xml	10.1016/S0168-9525(00)02024-2	not_found
USEGALAXY/emboss_5/emboss_descseq.xml	10.1101/gr.5578007	not_found
USEGALAXY/emboss_5/emboss_digest.xml	10.1016/S0168-9525(00)02024-2	not_found
USEGALAXY/emboss_5/emboss_digest.xml	10.1101/gr.5578007	not_found
USEGALAXY/emboss_5/emboss_trimseq.xml	10.1016/S0168-9525(00)02024-2	not_found
USEGALAXY/emboss_5/emboss_trimseq.xml	10.1101/gr.5578007	not_found
USEGALAXY/emboss_5/emboss_maskseq.xml	10.1016/S0168-9525(00)02024-2	not_found
USEGALAXY/emboss_5/emboss_maskseq.xml	10.1101/gr.5578007	not_found
USEGALAXY/emboss_5/emboss_dan.xml	10.1016/S0168-9525(00)02024-2	not_found
USEGALAXY/emboss_5/emboss_dan.xml	10.1101/gr.5578007	not_found
USEGALAXY/emboss_5/emboss_water.xml	10.1016/S0168-9525(00)02024-2	not_found
USEGALAXY/emboss_5/emboss_water.xml	10.1101/gr.5578007	not_found
USEGALAXY/emboss_5/emboss_sirna.xml	10.1016/S0168-9525(00)02024-2	not_found
USEGALAXY/emboss_5/emboss_sirna.xml	10.1101/gr.5578007	not_found
USEGALAXY/emboss_5/emboss_twofeat.xml	10.1016/S0168-9525(00)02024-2	not_found
USEGALAXY/emboss_5/emboss_twofeat.xml	10.1101/gr.5578007	not_found
USEGALAXY/emboss_5/emboss_noreturn.xml	10.1016/S0168-9525(00)02024-2	not_found
USEGALAXY/emboss_5/emboss_noreturn.xml	10.1101/gr.5578007	not_found
USEGALAXY/emboss_5/emboss_cutseq.xml	10.1016/S0168-9525(00)02024-2	not_found
USEGALAXY/emboss_5/emboss_cutseq.xml	10.1101/gr.5578007	not_found
USEGALAXY/emboss_5/emboss_plotcon.xml	10.1016/S0168-9525(00)02024-2	not_found
USEGALAXY/emboss_5/emboss_plotcon.xml	10.1101/gr.5578007	not_found
USEGALAXY/emboss_5/emboss_helixturnhelix.xml	10.1016/S0168-9525(00)02024-2	not_found
USEGALAXY/emboss_5/emboss_helixturnhelix.xml	10.1101/gr.5578007	not_found
USEGALAXY/emboss_5/emboss_cai_custom.xml	10.1016/S0168-9525(00)02024-2	not_found
USEGALAXY/emboss_5/emboss_cai_custom.xml	10.1101/gr.5578007	not_found
USEGALAXY/emboss_5/emboss_extractseq.xml	10.1016/S0168-9525(00)02024-2	not_found
USEGALAXY/emboss_5/emboss_extractseq.xml	10.1101/gr.5578007	not_found
USEGALAXY/emboss_5/emboss_preg.xml	10.1016/S0168-9525(00)02024-2	not_found
USEGALAXY/emboss_5/emboss_preg.xml	10.1101/gr.5578007	not_found
USEGALAXY/emboss_5/emboss_degapseq.xml	10.1016/S0168-9525(00)02024-2	not_found
USEGALAXY/emboss_5/emboss_degapseq.xml	10.1101/gr.5578007	not_found
USEGALAXY/emboss_5/emboss_dotpath.xml	10.1016/S0168-9525(00)02024-2	not_found
USEGALAXY/emboss_5/emboss_dotpath.xml	10.1101/gr.5578007	not_found
USEGALAXY/emboss_5/emboss_geecee.xml	10.1016/S0168-9525(00)02024-2	not_found
USEGALAXY/emboss_5/emboss_geecee.xml	10.1101/gr.5578007	not_found
USEGALAXY/emboss_5/emboss_infoseq.xml	10.1016/S0168-9525(00)02024-2	not_found
USEGALAXY/emboss_5/emboss_infoseq.xml	10.1101/gr.5578007	not_found
USEGALAXY/emboss_5/emboss_charge.xml	10.1016/S0168-9525(00)02024-2	not_found
USEGALAXY/emboss_5/emboss_charge.xml	10.1101/gr.5578007	not_found
USEGALAXY/emboss_5/emboss_dottup.xml	10.1016/S0168-9525(00)02024-2	not_found
USEGALAXY/emboss_5/emboss_dottup.xml	10.1101/gr.5578007	not_found
USEGALAXY/emboss_5/emboss_plotorf.xml	10.1016/S0168-9525(00)02024-2	not_found
USEGALAXY/emboss_5/emboss_plotorf.xml	10.1101/gr.5578007	not_found
USEGALAXY/emboss_5/emboss_revseq.xml	10.1016/S0168-9525(00)02024-2	not_found
USEGALAXY/emboss_5/emboss_revseq.xml	10.1101/gr.5578007	not_found
USEGALAXY/emboss_5/emboss_msbar.xml	10.1016/S0168-9525(00)02024-2	not_found
USEGALAXY/emboss_5/emboss_msbar.xml	10.1101/gr.5578007	not_found
USEGALAXY/emboss_5/emboss_pasteseq.xml	10.1016/S0168-9525(00)02024-2	not_found
USEGALAXY/emboss_5/emboss_pasteseq.xml	10.1101/gr.5578007	not_found
USEGALAXY/emboss_5/emboss_iep.xml	10.1016/S0168-9525(00)02024-2	not_found
USEGALAXY/emboss_5/emboss_iep.xml	10.1101/gr.5578007	not_found
USEGALAXY/vcfannotate/vcfannotate.xml	no_id_in_bibtex	not_found
USEGALAXY/mothur_unique_seqs/unique.seqs.xml	10.1128/AEM.01541-09	not_found
USEGALAXY/mothur_sub_sample/sub.sample.xml	10.1128/AEM.01541-09	not_found
USEGALAXY/fastx_artifacts_filter/fastx_artifacts_filter.xml	no_citation	no_citation
USEGALAXY/sra_tools/sam_dump.xml	no_citation	no_citation
USEGALAXY/sra_tools/fastq_dump.xml	no_citation	no_citation
USEGALAXY/sra_tools/sra_pileup.xml	no_citation	no_citation
USEGALAXY/ucsc_custom_track/build_ucsc_custom_track.xml	no_citation	no_citation
USEGALAXY/allele_counts/allele-counts.xml	no_citation	no_citation
USEGALAXY/histogram/histogram2.xml	no_citation	no_citation
USEGALAXY/mothur_homova/homova.xml	10.1128/AEM.01541-09	not_found
USEGALAXY/mothur_count_groups/count.groups.xml	10.1128/AEM.01541-09	not_found
USEGALAXY/htseq_count/htseq-count.xml	10.1093/bioinformatics/btu638	not_found
USEGALAXY/short_reads_trim_seq/short_reads_trim_seq.xml	no_citation	no_citation
USEGALAXY/bamtools/bamtools.xml	10.1093/bioinformatics/btr174	not_found
USEGALAXY/deeptools_plot_pca/plotPCA.xml	10.1093/nar/gkw257	not_found
USEGALAXY/variants_validate/variants_validate.xml	no_citation	no_citation
USEGALAXY/intersect/intersect.xml	no_citation	no_citation
USEGALAXY/karyotype_plot/karyotype/karyotype_plot.xml	no_citation	no_citation
USEGALAXY/fastx_renamer/fastx_renamer.xml	no_citation	no_citation
USEGALAXY/sam2interval/sam2interval.xml	no_citation	no_citation
USEGALAXY/cloudmap_variant_discovery_mapping/VDM_Mapping.xml	no_citation	no_citation
USEGALAXY/rgrnastar/rg_rnaStar.xml	10.1093/bioinformatics/bts635	not_found
USEGALAXY/vcfcombine/vcfcombine.xml	no_id_in_bibtex	not_found
USEGALAXY/venn_list/tools/venn_list/venn_list.xml	10.7717/peerj.167	not_found
USEGALAXY/venn_list/tools/venn_list/venn_list.xml	10.1093/bioinformatics/15.5.356	not_found
USEGALAXY/fastqc/rgFastQC.xml	no_id_in_bibtex	not_found
USEGALAXY/mothur_make_shared/make.shared.xml	10.1128/AEM.01541-09	not_found
USEGALAXY/microsats_alignment_level/microsats_alignment_level.xml	no_citation	no_citation
USEGALAXY/mothur_get_groups/get.groups.xml	10.1128/AEM.01541-09	not_found
USEGALAXY/samtools_slice_bam/samtools_slice_bam.xml	no_id_in_bibtex	not_found
USEGALAXY/samtools_slice_bam/samtools_slice_bam.xml	10.1093/bioinformatics/btp352	not_found
USEGALAXY/samtools_slice_bam/samtools_slice_bam.xml	10.1093/bioinformatics/btr076	not_found
USEGALAXY/samtools_slice_bam/samtools_slice_bam.xml	10.1093/bioinformatics/btr509	not_found
USEGALAXY/samtools_slice_bam/samtools_slice_bam.xml	no_id_in_bibtex	not_found
USEGALAXY/samtools_slice_bam/samtools_slice_bam.xml	no_id_in_bibtex	not_found
USEGALAXY/samtools_slice_bam/samtools_slice_bam.xml	no_id_in_bibtex	not_found
USEGALAXY/samtools_slice_bam/samtools_slice_bam.xml	no_id_in_bibtex	not_found
USEGALAXY/divide_pg_snp/dividePgSnpAlleles.xml	no_citation	no_citation
USEGALAXY/fastx_barcode_splitter/fastx_barcode_splitter.xml	no_citation	no_citation
USEGALAXY/fastq_paired_end_joiner/fastq_paired_end_joiner.xml	10.1093/bioinformatics/btq281	not_found
USEGALAXY/fastq_manipulation/fastq_manipulation.xml	10.1093/bioinformatics/btq281	not_found
USEGALAXY/mothur_cluster/cluster.xml	10.1128/AEM.01541-09	not_found
USEGALAXY/partialr_square/partialR_square.xml	no_citation	no_citation
USEGALAXY/cuffquant/cuffquant_wrapper.xml	10.1038/nbt.1621	not_found
USEGALAXY/linear_regression/linear_regression.xml	no_citation	no_citation
USEGALAXY/variant_recalibrator/variant_recalibrator.xml	no_citation	no_citation
USEGALAXY/hgv_fundo/funDo.xml	no_citation	no_citation
USEGALAXY/mothur_reverse_seqs/reverse.seqs.xml	10.1128/AEM.01541-09	not_found
USEGALAXY/kraken2tax/kraken2tax.xml	10.1186/gb-2014-15-3-r46	not_found
USEGALAXY/kraken2tax/kraken2tax.xml	10.1101/gr.094508.109	not_found
USEGALAXY/windowsplitter/windowSplitter.xml	no_citation	no_citation
USEGALAXY/vcfsort/vcfsort.xml	no_citation	no_citation
USEGALAXY/mothur_get_otulabels/get.otulabels.xml	10.1128/AEM.01541-09	not_found
USEGALAXY/mothur_chimera_check/chimera.check.xml	10.1128/AEM.01541-09	not_found
USEGALAXY/mothur_make_lefse/make.lefse.xml	10.1128/AEM.01541-09	not_found
USEGALAXY/fasta_concatenate_by_species/fasta_concatenate_by_species.xml	no_citation	no_citation
USEGALAXY/cummerbund/cummeRbund.xml	doi:10.1038/nprot.2012.016	not_found
USEGALAXY/hgv_hilbertvis/hilbertvis.xml	no_citation	no_citation
USEGALAXY/count_covariates/count_covariates.xml	no_citation	no_citation
USEGALAXY/deeptools_bam_compare/bamCompare.xml	10.1093/nar/gkw257	not_found
USEGALAXY/mothur_mantel/mantel.xml	10.1128/AEM.01541-09	not_found
USEGALAXY/mothur_classify_tree/classify.tree.xml	10.1128/AEM.01541-09	not_found
USEGALAXY/deeptools_bam_coverage/bamCoverage.xml	10.1093/nar/gkw257	not_found
USEGALAXY/mothur_count_seqs/count.seqs.xml	10.1128/AEM.01541-09	not_found
USEGALAXY/flanking_features/flanking_features.xml	no_citation	no_citation
USEGALAXY/vcfgeno2haplo/vcfgeno2haplo.xml	no_id_in_bibtex	not_found
USEGALAXY/ems_variant_density_mapping/EMS_VariantDensityMapping.xml	no_citation	no_citation
USEGALAXY/fastx_clipper/fastx_clipper.xml	no_citation	no_citation
USEGALAXY/mothur_corr_axes/corr.axes.xml	10.1128/AEM.01541-09	not_found
USEGALAXY/mothur_make_lookup/make.lookup.xml	10.1128/AEM.01541-09	not_found
USEGALAXY/vcfvcfintersect/vcfvcfintersect.xml	no_id_in_bibtex	not_found
USEGALAXY/weightedaverage/WeightedAverage.xml	no_citation	no_citation
USEGALAXY/substitution_rates/substitution_rates.xml	no_citation	no_citation
USEGALAXY/mothur_classify_otu/classify.otu.xml	10.1128/AEM.01541-09	not_found
USEGALAXY/mothur_libshuff/libshuff.xml	10.1128/AEM.01541-09	not_found
USEGALAXY/vcftools_annotate/vcftools_annotate.xml	no_citation	no_citation
USEGALAXY/count_gff_features/count_gff_features.xml	no_citation	no_citation
USEGALAXY/cloudmap_in_silico_complementation/CloudMap_InSilico.xml	no_citation	no_citation
USEGALAXY/vcfbreakcreatemulti/vcfbreakcreatemulti.xml	no_id_in_bibtex	not_found
USEGALAXY/table_annovar/table_annovar.xml	no_citation	no_citation
USEGALAXY/mothur_filter_seqs/filter.seqs.xml	10.1128/AEM.01541-09	not_found
USEGALAXY/mothur_get_dists/get.dists.xml	10.1128/AEM.01541-09	not_found
USEGALAXY/mothur_nmds/nmds.xml	10.1128/AEM.01541-09	not_found
USEGALAXY/mothur_summary_shared/summary.shared.xml	10.1128/AEM.01541-09	not_found
USEGALAXY/mothur_get_coremicrobiome/get.coremicrobiome.xml	10.1128/AEM.01541-09	not_found
USEGALAXY/coverage/coverage.xml	no_citation	no_citation
USEGALAXY/sam_pileup/sam_pileup.xml	no_citation	no_citation
USEGALAXY/vcfannotategenotypes/vcfannotategenotypes.xml	no_id_in_bibtex	not_found
USEGALAXY/t_test_two_samples/t_test_two_samples.xml	no_citation	no_citation
USEGALAXY/megablast_xml_parser/megablast_xml_parser.xml	no_citation	no_citation
USEGALAXY/mothur_classify_seqs/classify.seqs.xml	10.1128/AEM.01541-09	not_found
USEGALAXY/snpeff/snpEff_download.xml	10.4161/fly.19695	not_found
USEGALAXY/snpeff/snpEff.xml	10.4161/fly.19695	not_found
USEGALAXY/snpeff/snpEff_databases.xml	10.4161/fly.19695	not_found
USEGALAXY/tabular_to_fasta/tabular_to_fasta.xml	no_citation	no_citation
USEGALAXY/structurefold/predict/predict_RNAs.xml	no_citation	no_citation
USEGALAXY/structurefold/Iterative_mapping/iterative_map.xml	no_citation	no_citation
USEGALAXY/structurefold/get_reads/get_read.xml	no_citation	no_citation
USEGALAXY/structurefold/reactivity_cal/reactivity_calculation.xml	no_citation	no_citation
USEGALAXY/meme_fimo/fimo.xml	10.1093/bioinformatics/btr064	not_found
USEGALAXY/analyze_covariates/analyze_covariates.xml	no_citation	no_citation
USEGALAXY/realigner_target_creator/realigner_target_creator.xml	no_citation	no_citation
USEGALAXY/stringtie/stringtie_merge.xml	10.1038/nbt.3122	not_found
USEGALAXY/stringtie/stringtie.xml	10.1038/nbt.3122	not_found
USEGALAXY/mothur_remove_lineage/remove.lineage.xml	10.1128/AEM.01541-09	not_found
USEGALAXY/tag_pileup_frequency/tag_pileup_frequency.xml	no_id_in_bibtex	not_found
USEGALAXY/vcffilter/vcffilter.xml	no_id_in_bibtex	not_found
USEGALAXY/mothur_make_design/make.design.xml	10.1128/AEM.01541-09	not_found
USEGALAXY/mothur_otu_hierarchy/otu.hierarchy.xml	10.1128/AEM.01541-09	not_found
USEGALAXY/mothur_remove_seqs/remove.seqs.xml	10.1128/AEM.01541-09	not_found
USEGALAXY/mothur_pcoa/pcoa.xml	10.1128/AEM.01541-09	not_found
USEGALAXY/fastqtofasta/fastq_to_fasta.xml	10.1093/bioinformatics/btq281	not_found
USEGALAXY/sicer/sicer_wrapper.xml	10.1093/bioinformatics/btp340	not_found
USEGALAXY/vcfcommonsamples/vcfcommonsamples.xml	no_id_in_bibtex	not_found
USEGALAXY/variant_combine/variant_combine.xml	no_citation	no_citation
USEGALAXY/fasta_nucleotide_changer/fasta_nucleotide_changer.xml	no_citation	no_citation
USEGALAXY/megablast_wrapper/megablast_wrapper.xml	no_citation	no_citation
USEGALAXY/samtools_sort/samtools_sort.xml	no_id_in_bibtex	not_found
USEGALAXY/samtools_sort/samtools_sort.xml	10.1093/bioinformatics/btp352	not_found
USEGALAXY/samtools_sort/samtools_sort.xml	10.1093/bioinformatics/btr076	not_found
USEGALAXY/samtools_sort/samtools_sort.xml	10.1093/bioinformatics/btr509	not_found
USEGALAXY/samtools_sort/samtools_sort.xml	no_id_in_bibtex	not_found
USEGALAXY/samtools_sort/samtools_sort.xml	no_id_in_bibtex	not_found
USEGALAXY/samtools_sort/samtools_sort.xml	no_id_in_bibtex	not_found
USEGALAXY/samtools_sort/samtools_sort.xml	no_id_in_bibtex	not_found
USEGALAXY/fastx_reverse_complement/fastx_reverse_complement.xml	no_citation	no_citation
USEGALAXY/gffcompare/gffcompare.xml	10.1038/nbt.1621	not_found
USEGALAXY/diffbind/diffbind.xml	doi:10.1038/nature10730	not_found
USEGALAXY/mothur_unifrac_weighted/unifrac.weighted.xml	10.1128/AEM.01541-09	not_found
USEGALAXY/fastx_nucleotides_distribution/fastx_nucleotides_distribution.xml	no_citation	no_citation
USEGALAXY/getalleleseq/getalleleseq.xml	no_citation	no_citation
USEGALAXY/mothur_pcr_seqs/pcr.seqs.xml	10.1128/AEM.01541-09	not_found
USEGALAXY/deeptools_plot_profile/plotProfiler.xml	10.1093/nar/gkw257	not_found
USEGALAXY/deeptools_plot_fingerprint/plotFingerprint.xml	10.1093/nar/gkw257	not_found
USEGALAXY/mothur_sens_spec/sens.spec.xml	10.1128/AEM.01541-09	not_found
USEGALAXY/cuffnorm/cuffnorm_wrapper.xml	10.1038/nbt.1621	not_found
USEGALAXY/cd_hit_dup/cd_hit_dup.xml	10.1093/bioinformatics/bts565	not_found
USEGALAXY/fastq_groomer/fastq_groomer.xml	10.1093/bioinformatics/btq281	not_found
USEGALAXY/trimmomatic/trimmomatic.xml	10.1093/bioinformatics/btu170	not_found
USEGALAXY/fastq_combiner/fastq_combiner.xml	10.1093/bioinformatics/btq281	not_found
USEGALAXY/mothur_split_groups/split.groups.xml	10.1128/AEM.01541-09	not_found
USEGALAXY/mothur_indicator/indicator.xml	10.1128/AEM.01541-09	not_found
USEGALAXY/bam_to_sam/bam_to_sam.xml	no_id_in_bibtex	not_found
USEGALAXY/bam_to_sam/bam_to_sam.xml	10.1093/bioinformatics/btp352	not_found
USEGALAXY/bam_to_sam/bam_to_sam.xml	10.1093/bioinformatics/btr076	not_found
USEGALAXY/bam_to_sam/bam_to_sam.xml	10.1093/bioinformatics/btr509	not_found
USEGALAXY/bam_to_sam/bam_to_sam.xml	no_id_in_bibtex	not_found
USEGALAXY/bam_to_sam/bam_to_sam.xml	no_id_in_bibtex	not_found
USEGALAXY/bam_to_sam/bam_to_sam.xml	no_id_in_bibtex	not_found
USEGALAXY/bam_to_sam/bam_to_sam.xml	no_id_in_bibtex	not_found
USEGALAXY/vcfflatten/vcfflatten.xml	no_id_in_bibtex	not_found
USEGALAXY/basecoverage/basecoverage.xml	no_citation	no_citation
USEGALAXY/bowtie_wrappers/bowtie_wrapper.xml	10.1186/gb-2009-10-3-r25	not_found
USEGALAXY/genome_diversity/extract_flanking_dna.xml	no_citation	no_citation
USEGALAXY/genome_diversity/prepare_population_structure.xml	no_citation	no_citation
USEGALAXY/genome_diversity/discover_familial_relationships.xml	no_citation	no_citation
USEGALAXY/genome_diversity/draw_variants.xml	no_citation	no_citation
USEGALAXY/genome_diversity/evaluate_population_numbers.xml	no_citation	no_citation
USEGALAXY/genome_diversity/pca.xml	no_citation	no_citation
USEGALAXY/genome_diversity/find_intervals.xml	no_citation	no_citation
USEGALAXY/genome_diversity/add_fst_column.xml	no_citation	no_citation
USEGALAXY/genome_diversity/multiple_to_gd_genotype.xml	no_citation	no_citation
USEGALAXY/genome_diversity/cluster_kegg.xml	no_citation	no_citation
USEGALAXY/genome_diversity/make_phylip.xml	no_citation	no_citation
USEGALAXY/genome_diversity/reorder.xml	no_citation	no_citation
USEGALAXY/genome_diversity/phylogenetic_tree.xml	no_citation	no_citation
USEGALAXY/genome_diversity/assignment_of_optimal_breeding_pairs.xml	no_citation	no_citation
USEGALAXY/genome_diversity/pathway_image.xml	no_citation	no_citation
USEGALAXY/genome_diversity/gd_snp2vcf.xml	no_citation	no_citation
USEGALAXY/genome_diversity/offspring_heterozygosity.xml	no_citation	no_citation
USEGALAXY/genome_diversity/restore_attributes.xml	no_citation	no_citation
USEGALAXY/genome_diversity/specify.xml	no_citation	no_citation
USEGALAXY/genome_diversity/extract_primers.xml	no_citation	no_citation
USEGALAXY/genome_diversity/rank_pathways.xml	no_citation	no_citation
USEGALAXY/genome_diversity/make_gd_file.xml	no_citation	no_citation
USEGALAXY/genome_diversity/coverage_distributions.xml	no_citation	no_citation
USEGALAXY/genome_diversity/aggregate_gd_indivs.xml	no_citation	no_citation
USEGALAXY/genome_diversity/raxml.xml	no_citation	no_citation
USEGALAXY/genome_diversity/specify_restriction_enzymes.xml	no_citation	no_citation
USEGALAXY/genome_diversity/population_structure.xml	no_citation	no_citation
USEGALAXY/genome_diversity/map_ensembl_transcripts.xml	no_citation	no_citation
USEGALAXY/genome_diversity/nucleotide_diversity_pi.xml	no_citation	no_citation
USEGALAXY/genome_diversity/inbreeding_and_kinship.xml	no_citation	no_citation
USEGALAXY/genome_diversity/select_snps.xml	no_citation	no_citation
USEGALAXY/genome_diversity/diversity_pi.xml	no_citation	no_citation
USEGALAXY/genome_diversity/rank_terms.xml	no_citation	no_citation
USEGALAXY/genome_diversity/average_fst.xml	no_citation	no_citation
USEGALAXY/genome_diversity/filter_gd_snp.xml	no_citation	no_citation
USEGALAXY/genome_diversity/dpmix.xml	no_citation	no_citation
USEGALAXY/genome_diversity/offspring_heterozygosity_pedigree.xml	no_citation	no_citation
USEGALAXY/mothur_list_seqs/list.seqs.xml	10.1128/AEM.01541-09	not_found
USEGALAXY/featurecounter/featureCounter.xml	no_citation	no_citation
USEGALAXY/mothur_trim_flows/trim.flows.xml	10.1128/AEM.01541-09	not_found
USEGALAXY/short_reads_figure_score/short_reads_figure_score.xml	no_citation	no_citation
USEGALAXY/fasta_filter_by_length/fasta_filter_by_length.xml	no_citation	no_citation
USEGALAXY/kernel_principal_component_analysis/kpca.xml	no_citation	no_citation
USEGALAXY/vcftools_slice/vcftools_slice.xml	no_citation	no_citation
USEGALAXY/variant_select/variant_select.xml	no_citation	no_citation
USEGALAXY/indels_3way/getIndels_3way.xml	no_citation	no_citation
USEGALAXY/bam_to_scidx/bam_to_scidx.xml	no_id_in_bibtex	not_found
USEGALAXY/mothur_get_sharedseqs/get.sharedseqs.xml	10.1128/AEM.01541-09	not_found
USEGALAXY/samtools_split/samtools_split.xml	no_id_in_bibtex	not_found
USEGALAXY/samtools_split/samtools_split.xml	10.1093/bioinformatics/btp352	not_found
USEGALAXY/samtools_split/samtools_split.xml	10.1093/bioinformatics/btr076	not_found
USEGALAXY/samtools_split/samtools_split.xml	10.1093/bioinformatics/btr509	not_found
USEGALAXY/samtools_split/samtools_split.xml	no_id_in_bibtex	not_found
USEGALAXY/samtools_split/samtools_split.xml	no_id_in_bibtex	not_found
USEGALAXY/samtools_split/samtools_split.xml	no_id_in_bibtex	not_found
USEGALAXY/samtools_split/samtools_split.xml	no_id_in_bibtex	not_found
USEGALAXY/mothur_dist_seqs/dist.seqs.xml	10.1128/AEM.01541-09	not_found
USEGALAXY/subtract_query/subtract_query.xml	no_citation	no_citation
USEGALAXY/mothur_dist_shared/dist.shared.xml	10.1128/AEM.01541-09	not_found
USEGALAXY/mothur_clearcut/clearcut.xml	10.1128/AEM.01541-09	not_found
USEGALAXY/deeptools_plot_enrichment/plotEnrichment.xml	10.1093/nar/gkw257	not_found
USEGALAXY/repmatch_gff3/repmatch_gff3.xml	no_id_in_bibtex	not_found
USEGALAXY/mothur_mimarks_attributes/mimarks.attributes.xml	10.1128/AEM.01541-09	not_found
USEGALAXY/trinity_psc/trinityrnaseq.xml	no_citation	no_citation
USEGALAXY/cufflinks/cufflinks_wrapper.xml	10.1038/nbt.1621	not_found
USEGALAXY/pear/pear.xml	10.1093/bioinformatics/btt593	not_found
USEGALAXY/mothur_chop_seqs/chop.seqs.xml	10.1128/AEM.01541-09	not_found
USEGALAXY/naive_variant_caller/tools/naive_variant_caller.xml	10.1186/gb4161	not_found
USEGALAXY/kraken_report/kraken-mpa-report.xml	10.1186/gb-2014-15-3-r46	not_found
USEGALAXY/kraken_report/kraken-report.xml	10.1186/gb-2014-15-3-r46	not_found
USEGALAXY/fastq_stats/fastq_stats.xml	10.1093/bioinformatics/btq281	not_found
USEGALAXY/print_reads/print_reads.xml	no_citation	no_citation
USEGALAXY/hifive/hifive.xml	no_id_in_bibtex	not_found
USEGALAXY/join/join.xml	no_citation	no_citation
USEGALAXY/genetrack/genetrack.xml	10.1093/bioinformatics/btn119	not_found
USEGALAXY/mothur_consensus_seqs/consensus.seqs.xml	10.1128/AEM.01541-09	not_found
USEGALAXY/fastq_quality_boxplot/fastq_quality_boxplot.xml	no_citation	no_citation
USEGALAXY/vcffixup/vcffixup.xml	no_id_in_bibtex	not_found
USEGALAXY/samtools_bedcov/samtools_bedcov.xml	no_id_in_bibtex	not_found
USEGALAXY/samtools_bedcov/samtools_bedcov.xml	10.1093/bioinformatics/btp352	not_found
USEGALAXY/samtools_bedcov/samtools_bedcov.xml	10.1093/bioinformatics/btr076	not_found
USEGALAXY/samtools_bedcov/samtools_bedcov.xml	10.1093/bioinformatics/btr509	not_found
USEGALAXY/samtools_bedcov/samtools_bedcov.xml	no_id_in_bibtex	not_found
USEGALAXY/samtools_bedcov/samtools_bedcov.xml	no_id_in_bibtex	not_found
USEGALAXY/samtools_bedcov/samtools_bedcov.xml	no_id_in_bibtex	not_found
USEGALAXY/samtools_bedcov/samtools_bedcov.xml	no_id_in_bibtex	not_found
USEGALAXY/mothur_cooccurrence/cooccurrence.xml	10.1128/AEM.01541-09	not_found
USEGALAXY/filter_on_md/MDtag_filter.xml	no_citation	no_citation
USEGALAXY/sequence_content_trimmer/trimmer.xml	no_citation	no_citation
USEGALAXY/ctd_batch/ctd.xml	no_citation	no_citation
USEGALAXY/getindels_2way/getIndels_2way.xml	no_citation	no_citation
USEGALAXY/column_maker/column_maker.xml	no_citation	no_citation
USEGALAXY/cuffdiff/cuffdiff_wrapper.xml	10.1038/nbt.1621	not_found
USEGALAXY/deeptools_plot_correlation/plotCorrelation.xml	10.1093/nar/gkw257	not_found
USEGALAXY/subtract/subtract.xml	no_citation	no_citation
USEGALAXY/mothur_shhh_flows/shhh.flows.xml	10.1128/AEM.01541-09	not_found
USEGALAXY/mothur_align_seqs/align.seqs.xml	10.1128/AEM.01541-09	not_found
USEGALAXY/mothur_split_abund/split.abund.xml	10.1128/AEM.01541-09	not_found
USEGALAXY/kraken_translate/kraken-translate.xml	10.1186/gb-2014-15-3-r46	not_found
USEGALAXY/hisat2/hisat2.xml	10.1038/nmeth.3317	not_found
USEGALAXY/generate_pc_lda_matrix/generate_matrix_for_pca_lda.xml	no_citation	no_citation
USEGALAXY/maf_cpg_filter/maf_cpg_filter.xml	no_citation	no_citation
USEGALAXY/freebayes/freebayes.xml	no_id_in_bibtex	not_found
USEGALAXY/freebayes/leftalign.xml	no_id_in_bibtex	not_found
USEGALAXY/fastq_trimmer_by_quality/fastq_trimmer_by_quality.xml	10.1093/bioinformatics/btq281	not_found
USEGALAXY/samtools_idxstats/samtools_idxstats.xml	no_id_in_bibtex	not_found
USEGALAXY/samtools_idxstats/samtools_idxstats.xml	10.1093/bioinformatics/btp352	not_found
USEGALAXY/samtools_idxstats/samtools_idxstats.xml	10.1093/bioinformatics/btr076	not_found
USEGALAXY/samtools_idxstats/samtools_idxstats.xml	10.1093/bioinformatics/btr509	not_found
USEGALAXY/samtools_idxstats/samtools_idxstats.xml	no_id_in_bibtex	not_found
USEGALAXY/samtools_idxstats/samtools_idxstats.xml	no_id_in_bibtex	not_found
USEGALAXY/samtools_idxstats/samtools_idxstats.xml	no_id_in_bibtex	not_found
USEGALAXY/samtools_idxstats/samtools_idxstats.xml	no_id_in_bibtex	not_found
USEGALAXY/mothur_pca/pca.xml	10.1128/AEM.01541-09	not_found
USEGALAXY/sailfish/sailfish.xml	10.1038/nbt.2862	not_found
USEGALAXY/clustalw/rgClustalw.xml	10.1093/bioinformatics/btm404	not_found
USEGALAXY/vcfdistance/vcfdistance.xml	no_id_in_bibtex	not_found
USEGALAXY/mothur_create_database/create.database.xml	10.1128/AEM.01541-09	not_found
USEGALAXY/mothur_list_otulabels/list.otulabels.xml	10.1128/AEM.01541-09	not_found
USEGALAXY/mothur_lefse/lefse.xml	10.1128/AEM.01541-09	not_found
USEGALAXY/samtools_calmd/samtools_calmd.xml	no_id_in_bibtex	not_found
USEGALAXY/samtools_calmd/samtools_calmd.xml	10.1093/bioinformatics/btp352	not_found
USEGALAXY/samtools_calmd/samtools_calmd.xml	10.1093/bioinformatics/btr076	not_found
USEGALAXY/samtools_calmd/samtools_calmd.xml	10.1093/bioinformatics/btr509	not_found
USEGALAXY/samtools_calmd/samtools_calmd.xml	no_id_in_bibtex	not_found
USEGALAXY/samtools_calmd/samtools_calmd.xml	no_id_in_bibtex	not_found
USEGALAXY/samtools_calmd/samtools_calmd.xml	no_id_in_bibtex	not_found
USEGALAXY/samtools_calmd/samtools_calmd.xml	no_id_in_bibtex	not_found
USEGALAXY/mothur_chimera_ccode/chimera.ccode.xml	10.1128/AEM.01541-09	not_found
USEGALAXY/mutate_snp_codon/mutate_snp_codon.xml	no_citation	no_citation
USEGALAXY/samtools_mpileup/samtools_mpileup.xml	no_id_in_bibtex	not_found
USEGALAXY/samtools_mpileup/samtools_mpileup.xml	10.1093/bioinformatics/btp352	not_found
USEGALAXY/samtools_mpileup/samtools_mpileup.xml	10.1093/bioinformatics/btr076	not_found
USEGALAXY/samtools_mpileup/samtools_mpileup.xml	10.1093/bioinformatics/btr509	not_found
USEGALAXY/samtools_mpileup/samtools_mpileup.xml	no_id_in_bibtex	not_found
USEGALAXY/samtools_mpileup/samtools_mpileup.xml	no_id_in_bibtex	not_found
USEGALAXY/samtools_mpileup/samtools_mpileup.xml	no_id_in_bibtex	not_found
USEGALAXY/samtools_mpileup/samtools_mpileup.xml	no_id_in_bibtex	not_found
USEGALAXY/dunovo/align_families.xml	doi_in_bibtex	not_found
USEGALAXY/dunovo/dunovo.xml	doi_in_bibtex	not_found
USEGALAXY/dunovo/make_families.xml	doi_in_bibtex	not_found
USEGALAXY/dunovo/correct_barcodes.xml	doi_in_bibtex	not_found
USEGALAXY/mothur_get_rabund/get.rabund.xml	10.1128/AEM.01541-09	not_found
USEGALAXY/vsearch/sorting.xml	10.5281/zenodo.15524	not_found
USEGALAXY/vsearch/shuffling.xml	10.5281/zenodo.15524	not_found
USEGALAXY/vsearch/chimera.xml	10.5281/zenodo.15524	not_found
USEGALAXY/vsearch/dereplication.xml	10.5281/zenodo.15524	not_found
USEGALAXY/vsearch/masking.xml	10.5281/zenodo.15524	not_found
USEGALAXY/vsearch/clustering.xml	10.5281/zenodo.15524	not_found
USEGALAXY/vsearch/search.xml	10.5281/zenodo.15524	not_found
USEGALAXY/vsearch/alignment.xml	10.5281/zenodo.15524	not_found
USEGALAXY/mothur_get_mimarkspackage/get.mimarkspackage.xml	10.1128/AEM.01541-09	not_found
USEGALAXY/get_flanks/get_flanks.xml	no_citation	no_citation
USEGALAXY/variant_eval/variant_eval.xml	no_citation	no_citation
USEGALAXY/mothur_merge_sfffiles/merge.sfffiles.xml	10.1128/AEM.01541-09	not_found
USEGALAXY/deeptools_compute_matrix/computeMatrix.xml	10.1093/nar/gkw257	not_found
USEGALAXY/mothur_merge_files/merge.files.xml	10.1128/AEM.01541-09	not_found
USEGALAXY/meme_meme/meme.xml	no_id_in_bibtex	not_found
USEGALAXY/complement/complement.xml	no_citation	no_citation
USEGALAXY/deeptools_bam_pe_fragmentsize/bamPEFragmentSize.xml	10.1093/nar/gkw257	not_found
USEGALAXY/mothur_chimera_perseus/chimera.perseus.xml	10.1128/AEM.01541-09	not_found
USEGALAXY/datamash_transpose/datamash-transpose.xml	no_citation	no_citation
USEGALAXY/hetbox/hetbox.xml	no_citation	no_citation
USEGALAXY/mothur_otu_association/otu.association.xml	10.1128/AEM.01541-09	not_found
USEGALAXY/lastz/lastz_wrapper.xml	no_citation	no_citation
USEGALAXY/ngsutils_bam_filter/bam_filter.xml	no_citation	no_citation
USEGALAXY/mothur_remove_otus/remove.otus.xml	10.1128/AEM.01541-09	not_found
USEGALAXY/mothur_tree_shared/tree.shared.xml	10.1128/AEM.01541-09	not_found
USEGALAXY/vcfleftalign/vcfleftalign.xml	no_id_in_bibtex	not_found
USEGALAXY/mothur_chimera_slayer/chimera.slayer.xml	10.1128/AEM.01541-09	not_found
USEGALAXY/mothur_venn/venn.xml	10.1128/AEM.01541-09	not_found
USEGALAXY/check_snpeff_candidates/checkSnpEffCandidates.xml	no_citation	no_citation
USEGALAXY/mothur_rarefaction_single/rarefaction.single.xml	10.1128/AEM.01541-09	not_found
USEGALAXY/taxonomy_krona_chart/taxonomy_krona_chart.xml	10.1186/1471-2105-12-385	not_found
USEGALAXY/taxonomy_krona_chart/taxonomy_krona_chart.xml	10.1093/bioinformatics/btu135	not_found
USEGALAXY/datamash_reverse/datamash-reverse.xml	no_citation	no_citation
USEGALAXY/mothur_summary_tax/summary.tax.xml	10.1128/AEM.01541-09	not_found
USEGALAXY/str_fm/space2underscore_readname.xml	no_citation	no_citation
USEGALAXY/str_fm/probvalueforhetero.xml	no_citation	no_citation
USEGALAXY/str_fm/GenotypingSTR.xml	no_citation	no_citation
USEGALAXY/str_fm/microsatellite.xml	no_citation	no_citation
USEGALAXY/str_fm/profilegenerator.xml	no_citation	no_citation
USEGALAXY/str_fm/readdepth2sequencingdepth.xml	no_citation	no_citation
USEGALAXY/str_fm/microsatcompat.xml	no_citation	no_citation
USEGALAXY/str_fm/microsatpurity.xml	no_citation	no_citation
USEGALAXY/str_fm/fetchflank.xml	no_citation	no_citation
USEGALAXY/str_fm/combineprobforallelecombination.xml	no_citation	no_citation
USEGALAXY/str_fm/PEsortedSAM2readprofile.xml	no_citation	no_citation
USEGALAXY/mothur_summary_qual/summary.qual.xml	10.1128/AEM.01541-09	not_found
USEGALAXY/deeptools_plot_heatmap/plotHeatmap.xml	10.1093/nar/gkw257	not_found
USEGALAXY/picard/picard_MarkDuplicatesWithMateCigar.xml	no_citation	no_citation
USEGALAXY/picard/picard_QualityScoreDistribution.xml	no_citation	no_citation
USEGALAXY/picard/picard_SamToFastq.xml	no_citation	no_citation
USEGALAXY/picard/picard_MergeSamFiles.xml	no_citation	no_citation
USEGALAXY/picard/picard_EstimateLibraryComplexity.xml	no_citation	no_citation
USEGALAXY/picard/picard_CollectGcBiasMetrics.xml	no_citation	no_citation
USEGALAXY/picard/picard_CollectRnaSeqMetrics.xml	no_citation	no_citation
USEGALAXY/picard/picard_MarkDuplicates.xml	no_citation	no_citation
USEGALAXY/picard/picard_CollectInsertSizeMetrics.xml	no_citation	no_citation
USEGALAXY/picard/picard_FilterSamReads.xml	no_citation	no_citation
USEGALAXY/picard/picard_CollectAlignmentSummaryMetrics.xml	no_citation	no_citation
USEGALAXY/picard/picard_ReorderSam.xml	no_citation	no_citation
USEGALAXY/picard/picard_DownsampleSam.xml	no_citation	no_citation
USEGALAXY/picard/picard_MergeBamAlignment.xml	no_citation	no_citation
USEGALAXY/picard/picard_FixMateInformation.xml	no_citation	no_citation
USEGALAXY/picard/picard_BedToIntervalList.xml	no_citation	no_citation
USEGALAXY/picard/picard_ReplaceSamHeader.xml	no_citation	no_citation
USEGALAXY/picard/picard_CleanSam.xml	no_citation	no_citation
USEGALAXY/picard/picard_NormalizeFasta.xml	no_citation	no_citation
USEGALAXY/picard/picard_RevertOriginalBaseQualitiesAndAddMateCigar.xml	no_citation	no_citation
USEGALAXY/picard/picard_SortSam.xml	no_citation	no_citation
USEGALAXY/picard/picard_ValidateSamFile.xml	no_citation	no_citation
USEGALAXY/picard/picard_AddCommentsToBam.xml	no_citation	no_citation
USEGALAXY/picard/picard_CollectBaseDistributionByCycle.xml	no_citation	no_citation
USEGALAXY/picard/picard_CollectWgsMetrics.xml	no_citation	no_citation
USEGALAXY/picard/picard_RevertSam.xml	no_citation	no_citation
USEGALAXY/picard/picard_MeanQualityByCycle.xml	no_citation	no_citation
USEGALAXY/picard/picard_AddOrReplaceReadGroups.xml	no_citation	no_citation
USEGALAXY/samtools_stats/samtools_stats.xml	no_id_in_bibtex	not_found
USEGALAXY/samtools_stats/samtools_stats.xml	10.1093/bioinformatics/btp352	not_found
USEGALAXY/samtools_stats/samtools_stats.xml	10.1093/bioinformatics/btr076	not_found
USEGALAXY/samtools_stats/samtools_stats.xml	10.1093/bioinformatics/btr509	not_found
USEGALAXY/samtools_stats/samtools_stats.xml	no_id_in_bibtex	not_found
USEGALAXY/samtools_stats/samtools_stats.xml	no_id_in_bibtex	not_found
USEGALAXY/samtools_stats/samtools_stats.xml	no_id_in_bibtex	not_found
USEGALAXY/samtools_stats/samtools_stats.xml	no_id_in_bibtex	not_found
USEGALAXY/bamtools_split/bamtools-split.xml	10.1093/bioinformatics/btr174	not_found
USEGALAXY/mothur_chimera_bellerophon/chimera.bellerophon.xml	10.1128/AEM.01541-09	not_found
USEGALAXY/mothur_get_label/get.label.xml	10.1128/AEM.01541-09	not_found
USEGALAXY/depth_of_coverage/depth_of_coverage.xml	no_citation	no_citation
USEGALAXY/vcfgenotypes/vcfgenotypes.xml	no_id_in_bibtex	not_found
